avg_length,avg_width,.groups
1.1439558823529412,0.8948529411764706,drop
